,train,val,test
0,train_0,val_0,test_0
1,train_1,val_1,test_1
2,train_2,val_2,test_2
3,train_3,val_3,test_3
4,train_4,val_4,test_4
5,train_5,val_5,test_5
6,train_6,val_6,test_6
7,train_7,val_7,test_7
8,train_8,val_8,test_8
9,train_9,val_9,test_9
10,train_10,val_10,test_10
11,train_11,val_11,test_11
12,train_12,val_12,test_12
13,train_13,val_13,test_13
14,train_14,val_14,test_14
15,train_15,val_15,test_15
16,train_16,val_16,test_16
17,train_17,val_17,test_17
18,train_18,val_18,test_18
19,train_19,val_19,test_19
20,train_20,val_20,test_20
21,train_21,val_21,test_21
22,train_22,val_22,test_22
23,train_23,val_23,test_23
24,train_24,val_24,test_24
25,train_25,val_25,test_25
26,train_26,val_26,test_26
27,train_27,val_27,test_27
28,train_28,val_28,test_28
29,train_29,val_29,test_29
30,train_30,val_30,test_30
31,train_31,val_31,test_31
32,train_32,val_32,test_32
33,train_33,val_33,test_33
34,train_34,val_34,test_34
35,train_35,val_35,test_35
36,train_36,val_36,test_36
37,train_37,val_37,test_37
38,train_38,val_38,test_38
39,train_39,val_39,test_39
40,train_40,val_40,test_40
41,train_41,val_41,test_41
42,train_42,val_42,test_42
43,train_43,val_43,test_43
44,train_44,val_44,test_44
45,train_45,val_45,test_45
46,train_46,val_46,test_46
47,train_47,val_47,test_47
48,train_48,val_48,test_48
49,train_49,val_49,test_49
50,train_50,val_50,test_50
51,train_51,val_51,test_51
52,train_52,val_52,test_52
53,train_53,val_53,test_53
54,train_54,val_54,test_54
55,train_55,val_55,test_55
56,train_56,val_56,test_56
57,train_57,val_57,test_57
58,train_58,val_58,test_58
59,train_59,val_59,test_59
60,train_60,val_60,test_60
61,train_61,val_61,test_61
62,train_62,val_62,test_62
63,train_63,val_63,test_63
64,train_64,val_64,test_64
65,train_65,val_65,test_65
66,train_66,val_66,test_66
67,train_67,val_67,test_67
68,train_68,val_68,test_68
69,train_69,val_69,test_69
70,train_70,val_70,test_70
71,train_71,val_71,test_71
72,train_72,val_72,test_72
73,train_73,val_73,test_73
74,train_74,val_74,test_74
75,train_75,val_75,test_75
76,train_76,val_76,test_76
77,train_77,val_77,test_77
78,train_78,val_78,test_78
79,train_79,val_79,test_79
80,train_80,val_80,test_80
81,train_81,val_81,test_81
82,train_82,val_82,test_82
83,train_83,val_83,test_83
84,train_84,val_84,test_84
85,train_85,val_85,test_85
86,train_86,val_86,test_86
87,train_87,val_87,test_87
88,train_88,val_88,test_88
89,train_89,val_89,test_89
90,train_90,val_90,test_90
91,train_91,val_91,test_91
92,train_92,val_92,test_92
93,train_93,val_93,test_93
94,train_94,val_94,test_94
95,train_95,val_95,test_95
96,train_96,val_96,test_96
97,train_97,val_97,test_97
98,train_98,val_98,test_98
99,train_99,val_99,test_99
100,train_100,val_100,test_100
101,train_101,val_101,test_101
102,train_102,val_102,test_102
103,train_103,val_103,test_103
104,train_104,val_104,test_104
105,train_105,val_105,test_105
106,train_106,val_106,test_106
107,train_107,val_107,test_107
108,train_108,val_108,test_108
109,train_109,val_109,test_109
110,train_110,val_110,test_110
111,train_111,val_111,test_111
112,train_112,val_112,test_112
113,train_113,val_113,test_113
114,train_114,val_114,test_114
115,train_115,val_115,test_115
116,train_116,val_116,test_116
117,train_117,val_117,test_117
118,train_118,val_118,test_118
119,train_119,val_119,test_119
120,train_120,val_120,test_120
121,train_121,val_121,test_121
122,train_122,val_122,test_122
123,train_123,val_123,test_123
124,train_124,val_124,test_124
125,train_125,val_125,test_125
126,train_126,val_126,test_126
127,train_127,val_127,test_127
128,train_128,val_128,test_128
129,train_129,val_129,test_129
130,train_130,val_130,test_130
131,train_131,val_131,test_131
132,train_132,val_132,test_132
133,train_133,val_133,test_133
134,train_134,val_134,test_134
135,train_135,val_135,test_135
136,train_136,val_136,test_136
137,train_137,val_137,test_137
138,train_138,val_138,test_138
139,train_139,val_139,test_139
140,train_140,val_140,test_140
141,train_141,val_141,test_141
142,train_142,val_142,test_142
143,train_143,val_143,test_143
144,train_144,val_144,test_144
145,train_145,val_145,test_145
146,train_146,val_146,test_146
147,train_147,val_147,test_147
148,train_148,val_148,test_148
149,train_149,val_149,test_149
150,train_150,val_150,test_150
151,train_151,val_151,test_151
152,train_152,val_152,test_152
153,train_153,val_153,test_153
154,train_154,val_154,test_154
155,train_155,val_155,test_155
156,train_156,val_156,test_156
157,train_157,val_157,test_157
158,train_158,val_158,test_158
159,train_159,val_159,test_159
160,train_160,val_160,test_160
161,train_161,val_161,test_161
162,train_162,val_162,test_162
163,train_163,val_163,test_163
164,train_164,val_164,test_164
165,train_165,val_165,test_165
166,train_166,val_166,test_166
167,train_167,val_167,test_167
168,train_168,val_168,test_168
169,train_169,val_169,test_169
170,train_170,val_170,test_170
171,train_171,val_171,test_171
172,train_172,val_172,test_172
173,train_173,val_173,test_173
174,train_174,val_174,test_174
175,train_175,val_175,test_175
176,train_176,val_176,test_176
177,train_177,val_177,test_177
178,train_178,val_178,test_178
179,train_179,val_179,test_179
180,train_180,val_180,test_180
181,train_181,val_181,test_181
182,train_182,val_182,test_182
183,train_183,val_183,test_183
184,train_184,val_184,test_184
185,train_185,val_185,test_185
186,train_186,val_186,test_186
187,train_187,val_187,test_187
188,train_188,val_188,test_188
189,train_189,val_189,test_189
190,train_190,val_190,test_190
191,train_191,val_191,test_191
192,train_192,val_192,test_192
193,train_193,val_193,test_193
194,train_194,val_194,test_194
195,train_195,val_195,test_195
196,train_196,val_196,test_196
197,train_197,val_197,test_197
198,train_198,val_198,test_198
199,train_199,val_199,test_199
200,train_200,val_200,test_200
201,train_201,val_201,test_201
202,train_202,val_202,test_202
203,train_203,val_203,test_203
204,train_204,val_204,test_204
205,train_205,val_205,test_205
206,train_206,val_206,test_206
207,train_207,val_207,test_207
208,train_208,val_208,test_208
209,train_209,val_209,test_209
210,train_210,val_210,test_210
211,train_211,val_211,test_211
212,train_212,val_212,test_212
213,train_213,val_213,test_213
214,train_214,val_214,test_214
215,train_215,val_215,test_215
216,train_216,val_216,test_216
217,train_217,val_217,test_217
218,train_218,val_218,test_218
219,train_219,val_219,test_219
220,train_220,val_220,test_220
221,train_221,val_221,test_221
222,train_222,val_222,test_222
223,train_223,val_223,test_223
224,train_224,val_224,test_224
225,train_225,val_225,test_225
226,train_226,val_226,test_226
227,train_227,val_227,test_227
228,train_228,val_228,test_228
229,train_229,val_229,test_229
230,train_230,val_230,test_230
231,train_231,val_231,test_231
232,train_232,val_232,test_232
233,train_233,val_233,test_233
234,train_234,val_234,test_234
235,train_235,val_235,test_235
236,train_236,val_236,test_236
237,train_237,val_237,test_237
238,train_238,val_238,test_238
239,train_239,val_239,test_239
240,train_240,val_240,test_240
241,train_241,val_241,test_241
242,train_242,val_242,test_242
243,train_243,val_243,test_243
244,train_244,val_244,test_244
245,train_245,val_245,test_245
246,train_246,val_246,test_246
247,train_247,val_247,test_247
248,train_248,val_248,test_248
249,train_249,val_249,test_249
250,train_250,val_250,test_250
251,train_251,val_251,test_251
252,train_252,val_252,test_252
253,train_253,val_253,test_253
254,train_254,val_254,test_254
255,train_255,val_255,test_255
256,train_256,val_256,test_256
257,train_257,val_257,test_257
258,train_258,val_258,test_258
259,train_259,val_259,test_259
260,train_260,val_260,test_260
261,train_261,val_261,test_261
262,train_262,val_262,test_262
263,train_263,val_263,test_263
264,train_264,val_264,test_264
265,train_265,val_265,test_265
266,train_266,val_266,test_266
267,train_267,val_267,test_267
268,train_268,val_268,test_268
269,train_269,val_269,test_269
270,train_270,val_270,test_270
271,train_271,val_271,test_271
272,train_272,val_272,test_272
273,train_273,val_273,test_273
274,train_274,val_274,test_274
275,train_275,val_275,test_275
276,train_276,val_276,test_276
277,train_277,val_277,test_277
278,train_278,val_278,test_278
279,train_279,val_279,test_279
280,train_280,val_280,test_280
281,train_281,val_281,test_281
282,train_282,val_282,test_282
283,train_283,val_283,test_283
284,train_284,val_284,test_284
285,train_285,val_285,test_285
286,train_286,val_286,test_286
287,train_287,val_287,test_287
288,train_288,val_288,test_288
289,train_289,val_289,test_289
290,train_290,val_290,test_290
291,train_291,val_291,test_291
292,train_292,val_292,test_292
293,train_293,val_293,test_293
294,train_294,val_294,test_294
295,train_295,val_295,test_295
296,train_296,val_296,test_296
297,train_297,val_297,test_297
298,train_298,val_298,test_298
299,train_299,val_299,test_299
300,train_300,val_300,test_300
301,train_301,val_301,test_301
302,train_302,val_302,test_302
303,train_303,val_303,test_303
304,train_304,val_304,test_304
305,train_305,val_305,test_305
306,train_306,val_306,test_306
307,train_307,val_307,test_307
308,train_308,val_308,test_308
309,train_309,val_309,test_309
310,train_310,val_310,test_310
311,train_311,val_311,test_311
312,train_312,val_312,test_312
313,train_313,val_313,test_313
314,train_314,val_314,test_314
315,train_315,val_315,test_315
316,train_316,val_316,test_316
317,train_317,val_317,test_317
318,train_318,val_318,test_318
319,train_319,val_319,test_319
320,train_320,val_320,test_320
321,train_321,val_321,test_321
322,train_322,val_322,test_322
323,train_323,val_323,test_323
324,train_324,val_324,test_324
325,train_325,val_325,test_325
326,train_326,val_326,test_326
327,train_327,val_327,test_327
328,train_328,val_328,test_328
329,train_329,val_329,test_329
330,train_330,val_330,test_330
331,train_331,val_331,test_331
332,train_332,val_332,test_332
333,train_333,val_333,test_333
334,train_334,val_334,test_334
335,train_335,val_335,test_335
336,train_336,val_336,test_336
337,train_337,val_337,test_337
338,train_338,val_338,test_338
339,train_339,val_339,test_339
340,train_340,val_340,test_340
341,train_341,val_341,test_341
342,train_342,val_342,test_342
343,train_343,val_343,test_343
344,train_344,val_344,test_344
345,train_345,val_345,test_345
346,train_346,val_346,test_346
347,train_347,val_347,test_347
348,train_348,val_348,test_348
349,train_349,val_349,test_349
350,train_350,val_350,test_350
351,train_351,val_351,test_351
352,train_352,val_352,test_352
353,train_353,val_353,test_353
354,train_354,val_354,test_354
355,train_355,val_355,test_355
356,train_356,val_356,test_356
357,train_357,val_357,test_357
358,train_358,val_358,test_358
359,train_359,val_359,test_359
360,train_360,val_360,test_360
361,train_361,val_361,test_361
362,train_362,val_362,test_362
363,train_363,val_363,test_363
364,train_364,val_364,test_364
365,train_365,val_365,test_365
366,train_366,val_366,test_366
367,train_367,val_367,test_367
368,train_368,val_368,test_368
369,train_369,val_369,test_369
370,train_370,val_370,test_370
371,train_371,val_371,test_371
372,train_372,val_372,test_372
373,train_373,val_373,test_373
374,train_374,val_374,test_374
375,train_375,val_375,test_375
376,train_376,val_376,test_376
377,train_377,val_377,test_377
378,train_378,val_378,test_378
379,train_379,val_379,test_379
380,train_380,val_380,test_380
381,train_381,val_381,test_381
382,train_382,val_382,test_382
383,train_383,val_383,test_383
384,train_384,val_384,test_384
385,train_385,val_385,test_385
386,train_386,val_386,test_386
387,train_387,val_387,test_387
388,train_388,val_388,test_388
389,train_389,val_389,test_389
390,train_390,val_390,test_390
391,train_391,val_391,test_391
392,train_392,val_392,test_392
393,train_393,val_393,test_393
394,train_394,val_394,test_394
395,train_395,val_395,test_395
396,train_396,val_396,test_396
397,train_397,val_397,test_397
398,train_398,val_398,test_398
399,train_399,val_399,test_399
400,train_400,val_400,test_400
401,train_401,val_401,test_401
402,train_402,val_402,test_402
403,train_403,val_403,test_403
404,train_404,val_404,test_404
405,train_405,val_405,test_405
406,train_406,val_406,test_406
407,train_407,val_407,test_407
408,train_408,val_408,test_408
409,train_409,val_409,test_409
410,train_410,val_410,test_410
411,train_411,val_411,test_411
412,train_412,val_412,test_412
413,train_413,val_413,test_413
414,train_414,val_414,test_414
415,train_415,val_415,test_415
416,train_416,val_416,test_416
417,train_417,val_417,test_417
418,train_418,val_418,test_418
419,train_419,val_419,test_419
420,train_420,val_420,test_420
421,train_421,val_421,test_421
422,train_422,val_422,test_422
423,train_423,val_423,test_423
424,train_424,val_424,test_424
425,train_425,val_425,test_425
426,train_426,val_426,test_426
427,train_427,val_427,test_427
428,train_428,val_428,test_428
429,train_429,val_429,test_429
430,train_430,val_430,test_430
431,train_431,val_431,test_431
432,train_432,val_432,test_432
433,train_433,val_433,test_433
434,train_434,val_434,test_434
435,train_435,val_435,test_435
436,train_436,val_436,test_436
437,train_437,val_437,test_437
438,train_438,val_438,test_438
439,train_439,val_439,test_439
440,train_440,val_440,test_440
441,train_441,val_441,test_441
442,train_442,val_442,test_442
443,train_443,val_443,test_443
444,train_444,val_444,test_444
445,train_445,val_445,test_445
446,train_446,val_446,test_446
447,train_447,val_447,test_447
448,train_448,val_448,test_448
449,train_449,val_449,test_449
450,train_450,val_450,test_450
451,train_451,val_451,test_451
452,train_452,val_452,test_452
453,train_453,val_453,test_453
454,train_454,val_454,test_454
455,train_455,val_455,test_455
456,train_456,val_456,test_456
457,train_457,val_457,test_457
458,train_458,val_458,test_458
459,train_459,val_459,test_459
460,train_460,val_460,test_460
461,train_461,val_461,test_461
462,train_462,val_462,test_462
463,train_463,val_463,test_463
464,train_464,val_464,test_464
465,train_465,val_465,test_465
466,train_466,val_466,test_466
467,train_467,val_467,test_467
468,train_468,val_468,test_468
469,train_469,val_469,test_469
470,train_470,val_470,test_470
471,train_471,val_471,test_471
472,train_472,val_472,test_472
473,train_473,val_473,test_473
474,train_474,val_474,test_474
475,train_475,val_475,test_475
476,train_476,val_476,test_476
477,train_477,val_477,test_477
478,train_478,val_478,test_478
479,train_479,val_479,test_479
480,train_480,val_480,test_480
481,train_481,val_481,test_481
482,train_482,val_482,test_482
483,train_483,val_483,test_483
484,train_484,val_484,test_484
485,train_485,val_485,test_485
486,train_486,val_486,test_486
487,train_487,val_487,test_487
488,train_488,val_488,test_488
489,train_489,val_489,test_489
490,train_490,val_490,test_490
491,train_491,val_491,test_491
492,train_492,val_492,test_492
493,train_493,val_493,test_493
494,train_494,val_494,test_494
495,train_495,val_495,test_495
496,train_496,,test_496
497,train_497,,test_497
498,train_498,,test_498
499,train_499,,test_499
500,train_500,,test_500
501,train_501,,test_501
502,train_502,,test_502
503,train_503,,test_503
504,train_504,,test_504
505,train_505,,test_505
506,train_506,,test_506
507,train_507,,test_507
508,train_508,,test_508
509,train_509,,test_509
510,train_510,,test_510
511,train_511,,test_511
512,train_512,,test_512
513,train_513,,test_513
514,train_514,,test_514
515,train_515,,test_515
516,train_516,,test_516
517,train_517,,test_517
518,train_518,,test_518
519,train_519,,test_519
520,train_520,,test_520
521,train_521,,test_521
522,train_522,,test_522
523,train_523,,test_523
524,train_524,,test_524
525,train_525,,test_525
526,train_526,,test_526
527,train_527,,test_527
528,train_528,,test_528
529,train_529,,test_529
530,train_530,,test_530
531,train_531,,test_531
532,train_532,,test_532
533,train_533,,test_533
534,train_534,,test_534
535,train_535,,test_535
536,train_536,,test_536
537,train_537,,test_537
538,train_538,,test_538
539,train_539,,test_539
540,train_540,,test_540
541,train_541,,test_541
542,train_542,,test_542
543,train_543,,test_543
544,train_544,,test_544
545,train_545,,test_545
546,train_546,,test_546
547,train_547,,test_547
548,train_548,,test_548
549,train_549,,test_549
550,train_550,,test_550
551,train_551,,test_551
552,train_552,,test_552
553,train_553,,test_553
554,train_554,,test_554
555,train_555,,test_555
556,train_556,,test_556
557,train_557,,test_557
558,train_558,,test_558
559,train_559,,test_559
560,train_560,,test_560
561,train_561,,test_561
562,train_562,,test_562
563,train_563,,test_563
564,train_564,,test_564
565,train_565,,test_565
566,train_566,,test_566
567,train_567,,test_567
568,train_568,,test_568
569,train_569,,test_569
570,train_570,,test_570
571,train_571,,test_571
572,train_572,,test_572
573,train_573,,test_573
574,train_574,,test_574
575,train_575,,test_575
576,train_576,,test_576
577,train_577,,test_577
578,train_578,,test_578
579,train_579,,test_579
580,train_580,,test_580
581,train_581,,test_581
582,train_582,,test_582
583,train_583,,test_583
584,train_584,,test_584
585,train_585,,test_585
586,train_586,,test_586
587,train_587,,test_587
588,train_588,,test_588
589,train_589,,test_589
590,train_590,,test_590
591,train_591,,test_591
592,train_592,,test_592
593,train_593,,test_593
594,train_594,,test_594
595,train_595,,test_595
596,train_596,,test_596
597,train_597,,test_597
598,train_598,,test_598
599,train_599,,test_599
600,train_600,,test_600
601,train_601,,test_601
602,train_602,,test_602
603,train_603,,test_603
604,train_604,,test_604
605,train_605,,test_605
606,train_606,,test_606
607,train_607,,test_607
608,train_608,,test_608
609,train_609,,test_609
610,train_610,,test_610
611,train_611,,test_611
612,train_612,,test_612
613,train_613,,test_613
614,train_614,,test_614
615,train_615,,test_615
616,train_616,,test_616
617,train_617,,test_617
618,train_618,,test_618
619,train_619,,test_619
620,train_620,,test_620
621,train_621,,test_621
622,train_622,,test_622
623,train_623,,test_623
624,train_624,,test_624
625,train_625,,test_625
626,train_626,,test_626
627,train_627,,test_627
628,train_628,,test_628
629,train_629,,test_629
630,train_630,,test_630
631,train_631,,test_631
632,train_632,,test_632
633,train_633,,test_633
634,train_634,,test_634
635,train_635,,test_635
636,train_636,,test_636
637,train_637,,test_637
638,train_638,,test_638
639,train_639,,test_639
640,train_640,,test_640
641,train_641,,test_641
642,train_642,,test_642
643,train_643,,test_643
644,train_644,,test_644
645,train_645,,test_645
646,train_646,,test_646
647,train_647,,test_647
648,train_648,,test_648
649,train_649,,test_649
650,train_650,,test_650
651,train_651,,test_651
652,train_652,,test_652
653,train_653,,test_653
654,train_654,,test_654
655,train_655,,test_655
656,train_656,,test_656
657,train_657,,test_657
658,train_658,,test_658
659,train_659,,test_659
660,train_660,,test_660
661,train_661,,test_661
662,train_662,,test_662
663,train_663,,test_663
664,train_664,,test_664
665,train_665,,test_665
666,train_666,,test_666
667,train_667,,test_667
668,train_668,,test_668
669,train_669,,test_669
670,train_670,,test_670
671,train_671,,test_671
672,train_672,,test_672
673,train_673,,test_673
674,train_674,,test_674
675,train_675,,test_675
676,train_676,,test_676
677,train_677,,test_677
678,train_678,,test_678
679,train_679,,test_679
680,train_680,,test_680
681,train_681,,test_681
682,train_682,,test_682
683,train_683,,test_683
684,train_684,,test_684
685,train_685,,test_685
686,train_686,,test_686
687,train_687,,test_687
688,train_688,,test_688
689,train_689,,test_689
690,train_690,,test_690
691,train_691,,test_691
692,train_692,,test_692
693,train_693,,test_693
694,train_694,,test_694
695,train_695,,test_695
696,train_696,,test_696
697,train_697,,test_697
698,train_698,,test_698
699,train_699,,test_699
700,train_700,,test_700
701,train_701,,test_701
702,train_702,,test_702
703,train_703,,test_703
704,train_704,,test_704
705,train_705,,test_705
706,train_706,,test_706
707,train_707,,test_707
708,train_708,,test_708
709,train_709,,test_709
710,train_710,,test_710
711,train_711,,test_711
712,train_712,,test_712
713,train_713,,test_713
714,train_714,,test_714
715,train_715,,test_715
716,train_716,,test_716
717,train_717,,test_717
718,train_718,,test_718
719,train_719,,test_719
720,train_720,,test_720
721,train_721,,test_721
722,train_722,,test_722
723,train_723,,test_723
724,train_724,,test_724
725,train_725,,test_725
726,train_726,,test_726
727,train_727,,test_727
728,train_728,,test_728
729,train_729,,test_729
730,train_730,,test_730
731,train_731,,test_731
732,train_732,,test_732
733,train_733,,test_733
734,train_734,,test_734
735,train_735,,test_735
736,train_736,,test_736
737,train_737,,test_737
738,train_738,,test_738
739,train_739,,test_739
740,train_740,,test_740
741,train_741,,test_741
742,train_742,,test_742
743,train_743,,test_743
744,train_744,,test_744
745,train_745,,test_745
746,train_746,,test_746
747,train_747,,test_747
748,train_748,,test_748
749,train_749,,test_749
750,train_750,,test_750
751,train_751,,test_751
752,train_752,,test_752
753,train_753,,test_753
754,train_754,,test_754
755,train_755,,test_755
756,train_756,,test_756
757,train_757,,test_757
758,train_758,,test_758
759,train_759,,test_759
760,train_760,,test_760
761,train_761,,test_761
762,train_762,,test_762
763,train_763,,test_763
764,train_764,,test_764
765,train_765,,test_765
766,train_766,,test_766
767,train_767,,test_767
768,train_768,,test_768
769,train_769,,test_769
770,train_770,,test_770
771,train_771,,test_771
772,train_772,,test_772
773,train_773,,test_773
774,train_774,,test_774
775,train_775,,test_775
776,train_776,,test_776
777,train_777,,test_777
778,train_778,,test_778
779,train_779,,test_779
780,train_780,,test_780
781,train_781,,test_781
782,train_782,,test_782
783,train_783,,test_783
784,train_784,,test_784
785,train_785,,test_785
786,train_786,,test_786
787,train_787,,test_787
788,train_788,,test_788
789,train_789,,test_789
790,train_790,,test_790
791,train_791,,test_791
792,train_792,,test_792
793,train_793,,test_793
794,train_794,,test_794
795,train_795,,test_795
796,train_796,,test_796
797,train_797,,test_797
798,train_798,,test_798
799,train_799,,test_799
800,train_800,,test_800
801,train_801,,test_801
802,train_802,,test_802
803,train_803,,test_803
804,train_804,,test_804
805,train_805,,test_805
806,train_806,,test_806
807,train_807,,test_807
808,train_808,,test_808
809,train_809,,test_809
810,train_810,,test_810
811,train_811,,test_811
812,train_812,,test_812
813,train_813,,test_813
814,train_814,,test_814
815,train_815,,test_815
816,train_816,,test_816
817,train_817,,test_817
818,train_818,,test_818
819,train_819,,test_819
820,train_820,,test_820
821,train_821,,test_821
822,train_822,,test_822
823,train_823,,test_823
824,train_824,,test_824
825,train_825,,test_825
826,train_826,,test_826
827,train_827,,test_827
828,train_828,,test_828
829,train_829,,test_829
830,train_830,,test_830
831,train_831,,test_831
832,train_832,,test_832
833,train_833,,test_833
834,train_834,,test_834
835,train_835,,test_835
836,train_836,,test_836
837,train_837,,test_837
838,train_838,,test_838
839,train_839,,test_839
840,train_840,,test_840
841,train_841,,test_841
842,train_842,,test_842
843,train_843,,test_843
844,train_844,,test_844
845,train_845,,test_845
846,train_846,,test_846
847,train_847,,test_847
848,train_848,,test_848
849,train_849,,test_849
850,train_850,,test_850
851,train_851,,test_851
852,train_852,,test_852
853,train_853,,test_853
854,train_854,,test_854
855,train_855,,test_855
856,train_856,,test_856
857,train_857,,test_857
858,train_858,,test_858
859,train_859,,test_859
860,train_860,,test_860
861,train_861,,test_861
862,train_862,,test_862
863,train_863,,test_863
864,train_864,,test_864
865,train_865,,test_865
866,train_866,,test_866
867,train_867,,test_867
868,train_868,,test_868
869,train_869,,test_869
870,train_870,,test_870
871,train_871,,test_871
872,train_872,,test_872
873,train_873,,test_873
874,train_874,,test_874
875,train_875,,test_875
876,train_876,,test_876
877,train_877,,test_877
878,train_878,,test_878
879,train_879,,test_879
880,train_880,,test_880
881,train_881,,test_881
882,train_882,,test_882
883,train_883,,test_883
884,train_884,,test_884
885,train_885,,test_885
886,train_886,,test_886
887,train_887,,test_887
888,train_888,,test_888
889,train_889,,test_889
890,train_890,,test_890
891,train_891,,test_891
892,train_892,,test_892
893,train_893,,test_893
894,train_894,,test_894
895,train_895,,test_895
896,train_896,,test_896
897,train_897,,test_897
898,train_898,,test_898
899,train_899,,test_899
900,train_900,,test_900
901,train_901,,test_901
902,train_902,,test_902
903,train_903,,test_903
904,train_904,,test_904
905,train_905,,test_905
906,train_906,,test_906
907,train_907,,test_907
908,train_908,,test_908
909,train_909,,test_909
910,train_910,,test_910
911,train_911,,test_911
912,train_912,,test_912
913,train_913,,test_913
914,train_914,,test_914
915,train_915,,test_915
916,train_916,,test_916
917,train_917,,test_917
918,train_918,,test_918
919,train_919,,test_919
920,train_920,,test_920
921,train_921,,test_921
922,train_922,,test_922
923,train_923,,test_923
924,train_924,,test_924
925,train_925,,test_925
926,train_926,,test_926
927,train_927,,test_927
928,train_928,,test_928
929,train_929,,test_929
930,train_930,,test_930
931,train_931,,test_931
932,train_932,,test_932
933,train_933,,test_933
934,train_934,,test_934
935,train_935,,test_935
936,train_936,,test_936
937,train_937,,test_937
938,train_938,,test_938
939,train_939,,test_939
940,train_940,,test_940
941,train_941,,test_941
942,train_942,,test_942
943,train_943,,test_943
944,train_944,,test_944
945,train_945,,test_945
946,train_946,,test_946
947,train_947,,test_947
948,train_948,,test_948
949,train_949,,
950,train_950,,
951,train_951,,
952,train_952,,
953,train_953,,
954,train_954,,
955,train_955,,
956,train_956,,
957,train_957,,
958,train_958,,
959,train_959,,
960,train_960,,
961,train_961,,
962,train_962,,
963,train_963,,
964,train_964,,
965,train_965,,
966,train_966,,
967,train_967,,
968,train_968,,
969,train_969,,
970,train_970,,
971,train_971,,
972,train_972,,
973,train_973,,
974,train_974,,
975,train_975,,
976,train_976,,
977,train_977,,
978,train_978,,
979,train_979,,
980,train_980,,
981,train_981,,
982,train_982,,
983,train_983,,
984,train_984,,
985,train_985,,
986,train_986,,
987,train_987,,
988,train_988,,
989,train_989,,
990,train_990,,
991,train_991,,
992,train_992,,
993,train_993,,
994,train_994,,
995,train_995,,
996,train_996,,
997,train_997,,
998,train_998,,
999,train_999,,
1000,train_1000,,
1001,train_1001,,
1002,train_1002,,
1003,train_1003,,
1004,train_1004,,
1005,train_1005,,
1006,train_1006,,
1007,train_1007,,
1008,train_1008,,
1009,train_1009,,
1010,train_1010,,
1011,train_1011,,
1012,train_1012,,
1013,train_1013,,
1014,train_1014,,
1015,train_1015,,
1016,train_1016,,
1017,train_1017,,
1018,train_1018,,
1019,train_1019,,
1020,train_1020,,
1021,train_1021,,
1022,train_1022,,
1023,train_1023,,
1024,train_1024,,
1025,train_1025,,
1026,train_1026,,
1027,train_1027,,
1028,train_1028,,
1029,train_1029,,
1030,train_1030,,
1031,train_1031,,
1032,train_1032,,
1033,train_1033,,
1034,train_1034,,
1035,train_1035,,
1036,train_1036,,
1037,train_1037,,
1038,train_1038,,
1039,train_1039,,
1040,train_1040,,
1041,train_1041,,
1042,train_1042,,
1043,train_1043,,
1044,train_1044,,
1045,train_1045,,
1046,train_1046,,
1047,train_1047,,
1048,train_1048,,
1049,train_1049,,
1050,train_1050,,
1051,train_1051,,
1052,train_1052,,
1053,train_1053,,
1054,train_1054,,
1055,train_1055,,
1056,train_1056,,
1057,train_1057,,
1058,train_1058,,
1059,train_1059,,
1060,train_1060,,
1061,train_1061,,
1062,train_1062,,
1063,train_1063,,
1064,train_1064,,
1065,train_1065,,
1066,train_1066,,
1067,train_1067,,
1068,train_1068,,
1069,train_1069,,
1070,train_1070,,
1071,train_1071,,
1072,train_1072,,
1073,train_1073,,
1074,train_1074,,
1075,train_1075,,
1076,train_1076,,
1077,train_1077,,
1078,train_1078,,
1079,train_1079,,
1080,train_1080,,
1081,train_1081,,
1082,train_1082,,
1083,train_1083,,
1084,train_1084,,
1085,train_1085,,
1086,train_1086,,
1087,train_1087,,
1088,train_1088,,
1089,train_1089,,
1090,train_1090,,
1091,train_1091,,
1092,train_1092,,
1093,train_1093,,
1094,train_1094,,
1095,train_1095,,
1096,train_1096,,
1097,train_1097,,
1098,train_1098,,
1099,train_1099,,
1100,train_1100,,
1101,train_1101,,
1102,train_1102,,
1103,train_1103,,
1104,train_1104,,
1105,train_1105,,
1106,train_1106,,
1107,train_1107,,
1108,train_1108,,
1109,train_1109,,
1110,train_1110,,
1111,train_1111,,
1112,train_1112,,
1113,train_1113,,
1114,train_1114,,
1115,train_1115,,
1116,train_1116,,
1117,train_1117,,
1118,train_1118,,
1119,train_1119,,
1120,train_1120,,
1121,train_1121,,
1122,train_1122,,
1123,train_1123,,
1124,train_1124,,
1125,train_1125,,
1126,train_1126,,
1127,train_1127,,
1128,train_1128,,
1129,train_1129,,
1130,train_1130,,
1131,train_1131,,
1132,train_1132,,
1133,train_1133,,
1134,train_1134,,
1135,train_1135,,
1136,train_1136,,
1137,train_1137,,
1138,train_1138,,
1139,train_1139,,
1140,train_1140,,
1141,train_1141,,
1142,train_1142,,
1143,train_1143,,
1144,train_1144,,
1145,train_1145,,
1146,train_1146,,
1147,train_1147,,
1148,train_1148,,
1149,train_1149,,
1150,train_1150,,
1151,train_1151,,
1152,train_1152,,
1153,train_1153,,
1154,train_1154,,
1155,train_1155,,
1156,train_1156,,
1157,train_1157,,
1158,train_1158,,
1159,train_1159,,
1160,train_1160,,
1161,train_1161,,
1162,train_1162,,
1163,train_1163,,
1164,train_1164,,
1165,train_1165,,
1166,train_1166,,
1167,train_1167,,
1168,train_1168,,
1169,train_1169,,
1170,train_1170,,
1171,train_1171,,
1172,train_1172,,
1173,train_1173,,
1174,train_1174,,
1175,train_1175,,
1176,train_1176,,
1177,train_1177,,
1178,train_1178,,
1179,train_1179,,
1180,train_1180,,
1181,train_1181,,
1182,train_1182,,
1183,train_1183,,
1184,train_1184,,
1185,train_1185,,
1186,train_1186,,
1187,train_1187,,
1188,train_1188,,
1189,train_1189,,
1190,train_1190,,
1191,train_1191,,
1192,train_1192,,
1193,train_1193,,
1194,train_1194,,
1195,train_1195,,
1196,train_1196,,
1197,train_1197,,
1198,train_1198,,
1199,train_1199,,
1200,train_1200,,
1201,train_1201,,
1202,train_1202,,
1203,train_1203,,
1204,train_1204,,
1205,train_1205,,
1206,train_1206,,
1207,train_1207,,
1208,train_1208,,
1209,train_1209,,
1210,train_1210,,
1211,train_1211,,
1212,train_1212,,
1213,train_1213,,
1214,train_1214,,
1215,train_1215,,
1216,train_1216,,
1217,train_1217,,
1218,train_1218,,
1219,train_1219,,
1220,train_1220,,
1221,train_1221,,
1222,train_1222,,
1223,train_1223,,
1224,train_1224,,
1225,train_1225,,
1226,train_1226,,
1227,train_1227,,
1228,train_1228,,
1229,train_1229,,
1230,train_1230,,
1231,train_1231,,
1232,train_1232,,
1233,train_1233,,
1234,train_1234,,
1235,train_1235,,
1236,train_1236,,
1237,train_1237,,
1238,train_1238,,
1239,train_1239,,
1240,train_1240,,
1241,train_1241,,
1242,train_1242,,
1243,train_1243,,
1244,train_1244,,
1245,train_1245,,
1246,train_1246,,
1247,train_1247,,
1248,train_1248,,
1249,train_1249,,
1250,train_1250,,
1251,train_1251,,
1252,train_1252,,
1253,train_1253,,
1254,train_1254,,
1255,train_1255,,
1256,train_1256,,
1257,train_1257,,
1258,train_1258,,
1259,train_1259,,
1260,train_1260,,
1261,train_1261,,
1262,train_1262,,
1263,train_1263,,
1264,train_1264,,
1265,train_1265,,
1266,train_1266,,
1267,train_1267,,
1268,train_1268,,
1269,train_1269,,
1270,train_1270,,
1271,train_1271,,
1272,train_1272,,
1273,train_1273,,
1274,train_1274,,
1275,train_1275,,
1276,train_1276,,
1277,train_1277,,
1278,train_1278,,
1279,train_1279,,
1280,train_1280,,
1281,train_1281,,
1282,train_1282,,
1283,train_1283,,
1284,train_1284,,
1285,train_1285,,
1286,train_1286,,
1287,train_1287,,
1288,train_1288,,
1289,train_1289,,
1290,train_1290,,
1291,train_1291,,
1292,train_1292,,
1293,train_1293,,
1294,train_1294,,
1295,train_1295,,
1296,train_1296,,
1297,train_1297,,
1298,train_1298,,
1299,train_1299,,
1300,train_1300,,
1301,train_1301,,
1302,train_1302,,
1303,train_1303,,
1304,train_1304,,
1305,train_1305,,
1306,train_1306,,
1307,train_1307,,
1308,train_1308,,
1309,train_1309,,
1310,train_1310,,
1311,train_1311,,
1312,train_1312,,
1313,train_1313,,
1314,train_1314,,
1315,train_1315,,
1316,train_1316,,
1317,train_1317,,
1318,train_1318,,
1319,train_1319,,
1320,train_1320,,
1321,train_1321,,
1322,train_1322,,
1323,train_1323,,
1324,train_1324,,
1325,train_1325,,
1326,train_1326,,
1327,train_1327,,
1328,train_1328,,
1329,train_1329,,
1330,train_1330,,
1331,train_1331,,
1332,train_1332,,
1333,train_1333,,
1334,train_1334,,
1335,train_1335,,
1336,train_1336,,
1337,train_1337,,
1338,train_1338,,
1339,train_1339,,
1340,train_1340,,
1341,train_1341,,
1342,train_1342,,
1343,train_1343,,
1344,train_1344,,
1345,train_1345,,
1346,train_1346,,
1347,train_1347,,
1348,train_1348,,
1349,train_1349,,
1350,train_1350,,
1351,train_1351,,
1352,train_1352,,
1353,train_1353,,
1354,train_1354,,
1355,train_1355,,
1356,train_1356,,
1357,train_1357,,
1358,train_1358,,
1359,train_1359,,
1360,train_1360,,
1361,train_1361,,
1362,train_1362,,
1363,train_1363,,
1364,train_1364,,
1365,train_1365,,
1366,train_1366,,
1367,train_1367,,
1368,train_1368,,
1369,train_1369,,
1370,train_1370,,
1371,train_1371,,
1372,train_1372,,
1373,train_1373,,
1374,train_1374,,
1375,train_1375,,
1376,train_1376,,
1377,train_1377,,
1378,train_1378,,
1379,train_1379,,
1380,train_1380,,
1381,train_1381,,
1382,train_1382,,
1383,train_1383,,
1384,train_1384,,
1385,train_1385,,
1386,train_1386,,
1387,train_1387,,
1388,train_1388,,
1389,train_1389,,
1390,train_1390,,
1391,train_1391,,
1392,train_1392,,
1393,train_1393,,
1394,train_1394,,
1395,train_1395,,
1396,train_1396,,
1397,train_1397,,
1398,train_1398,,
1399,train_1399,,
1400,train_1400,,
1401,train_1401,,
1402,train_1402,,
1403,train_1403,,
1404,train_1404,,
1405,train_1405,,
1406,train_1406,,
1407,train_1407,,
1408,train_1408,,
1409,train_1409,,
1410,train_1410,,
1411,train_1411,,
1412,train_1412,,
1413,train_1413,,
1414,train_1414,,
1415,train_1415,,
1416,train_1416,,
1417,train_1417,,
1418,train_1418,,
1419,train_1419,,
1420,train_1420,,
1421,train_1421,,
1422,train_1422,,
1423,train_1423,,
1424,train_1424,,
1425,train_1425,,
1426,train_1426,,
1427,train_1427,,
1428,train_1428,,
1429,train_1429,,
1430,train_1430,,
1431,train_1431,,
1432,train_1432,,
1433,train_1433,,
1434,train_1434,,
1435,train_1435,,
1436,train_1436,,
1437,train_1437,,
1438,train_1438,,
1439,train_1439,,
1440,train_1440,,
1441,train_1441,,
1442,train_1442,,
1443,train_1443,,
1444,train_1444,,
1445,train_1445,,
1446,train_1446,,
1447,train_1447,,
1448,train_1448,,
1449,train_1449,,
1450,train_1450,,
1451,train_1451,,
1452,train_1452,,
1453,train_1453,,
1454,train_1454,,
1455,train_1455,,
1456,train_1456,,
1457,train_1457,,
1458,train_1458,,
1459,train_1459,,
1460,train_1460,,
1461,train_1461,,
1462,train_1462,,
1463,train_1463,,
1464,train_1464,,
1465,train_1465,,
1466,train_1466,,
1467,train_1467,,
1468,train_1468,,
1469,train_1469,,
1470,train_1470,,
1471,train_1471,,
1472,train_1472,,
1473,train_1473,,
1474,train_1474,,
1475,train_1475,,
1476,train_1476,,
1477,train_1477,,
1478,train_1478,,
1479,train_1479,,
1480,train_1480,,
1481,train_1481,,
1482,train_1482,,
1483,train_1483,,
1484,train_1484,,
1485,train_1485,,
1486,train_1486,,
1487,train_1487,,
1488,train_1488,,
1489,train_1489,,
1490,train_1490,,
1491,train_1491,,
1492,train_1492,,
1493,train_1493,,
1494,train_1494,,
1495,train_1495,,
1496,train_1496,,
1497,train_1497,,
1498,train_1498,,
1499,train_1499,,
1500,train_1500,,
1501,train_1501,,
1502,train_1502,,
1503,train_1503,,
1504,train_1504,,
1505,train_1505,,
1506,train_1506,,
1507,train_1507,,
1508,train_1508,,
1509,train_1509,,
1510,train_1510,,
1511,train_1511,,
1512,train_1512,,
1513,train_1513,,
1514,train_1514,,
1515,train_1515,,
1516,train_1516,,
1517,train_1517,,
1518,train_1518,,
1519,train_1519,,
1520,train_1520,,
1521,train_1521,,
1522,train_1522,,
1523,train_1523,,
1524,train_1524,,
1525,train_1525,,
1526,train_1526,,
1527,train_1527,,
1528,train_1528,,
1529,train_1529,,
1530,train_1530,,
1531,train_1531,,
1532,train_1532,,
1533,train_1533,,
1534,train_1534,,
1535,train_1535,,
1536,train_1536,,
1537,train_1537,,
1538,train_1538,,
1539,train_1539,,
1540,train_1540,,
1541,train_1541,,
1542,train_1542,,
1543,train_1543,,
1544,train_1544,,
1545,train_1545,,
1546,train_1546,,
1547,train_1547,,
1548,train_1548,,
1549,train_1549,,
1550,train_1550,,
1551,train_1551,,
1552,train_1552,,
1553,train_1553,,
1554,train_1554,,
1555,train_1555,,
1556,train_1556,,
1557,train_1557,,
1558,train_1558,,
1559,train_1559,,
1560,train_1560,,
1561,train_1561,,
1562,train_1562,,
1563,train_1563,,
1564,train_1564,,
1565,train_1565,,
1566,train_1566,,
1567,train_1567,,
1568,train_1568,,
1569,train_1569,,
1570,train_1570,,
1571,train_1571,,
1572,train_1572,,
1573,train_1573,,
1574,train_1574,,
1575,train_1575,,
1576,train_1576,,
1577,train_1577,,
1578,train_1578,,
1579,train_1579,,
1580,train_1580,,
1581,train_1581,,
1582,train_1582,,
1583,train_1583,,
1584,train_1584,,
1585,train_1585,,
1586,train_1586,,
1587,train_1587,,
1588,train_1588,,
1589,train_1589,,
1590,train_1590,,
1591,train_1591,,
1592,train_1592,,
1593,train_1593,,
1594,train_1594,,
1595,train_1595,,
1596,train_1596,,
1597,train_1597,,
1598,train_1598,,
1599,train_1599,,
1600,train_1600,,
1601,train_1601,,
1602,train_1602,,
1603,train_1603,,
1604,train_1604,,
1605,train_1605,,
1606,train_1606,,
1607,train_1607,,
1608,train_1608,,
1609,train_1609,,
1610,train_1610,,
1611,train_1611,,
1612,train_1612,,
1613,train_1613,,
1614,train_1614,,
1615,train_1615,,
1616,train_1616,,
1617,train_1617,,
1618,train_1618,,
1619,train_1619,,
1620,train_1620,,
1621,train_1621,,
1622,train_1622,,
1623,train_1623,,
1624,train_1624,,
1625,train_1625,,
1626,train_1626,,
1627,train_1627,,
1628,train_1628,,
1629,train_1629,,
1630,train_1630,,
1631,train_1631,,
1632,train_1632,,
1633,train_1633,,
1634,train_1634,,
1635,train_1635,,
1636,train_1636,,
1637,train_1637,,
1638,train_1638,,
1639,train_1639,,
1640,train_1640,,
1641,train_1641,,
1642,train_1642,,
1643,train_1643,,
1644,train_1644,,
1645,train_1645,,
1646,train_1646,,
1647,train_1647,,
1648,train_1648,,
1649,train_1649,,
1650,train_1650,,
1651,train_1651,,
1652,train_1652,,
1653,train_1653,,
1654,train_1654,,
1655,train_1655,,
1656,train_1656,,
1657,train_1657,,
1658,train_1658,,
1659,train_1659,,
1660,train_1660,,
1661,train_1661,,
1662,train_1662,,
1663,train_1663,,
1664,train_1664,,
1665,train_1665,,
1666,train_1666,,
1667,train_1667,,
1668,train_1668,,
1669,train_1669,,
1670,train_1670,,
1671,train_1671,,
1672,train_1672,,
1673,train_1673,,
1674,train_1674,,
1675,train_1675,,
1676,train_1676,,
1677,train_1677,,
1678,train_1678,,
1679,train_1679,,
1680,train_1680,,
1681,train_1681,,
1682,train_1682,,
1683,train_1683,,
1684,train_1684,,
1685,train_1685,,
1686,train_1686,,
1687,train_1687,,
1688,train_1688,,
1689,train_1689,,
1690,train_1690,,
1691,train_1691,,
1692,train_1692,,
1693,train_1693,,
1694,train_1694,,
1695,train_1695,,
1696,train_1696,,
1697,train_1697,,
1698,train_1698,,
1699,train_1699,,
1700,train_1700,,
1701,train_1701,,
1702,train_1702,,
1703,train_1703,,
1704,train_1704,,
1705,train_1705,,
1706,train_1706,,
1707,train_1707,,
1708,train_1708,,
1709,train_1709,,
1710,train_1710,,
1711,train_1711,,
1712,train_1712,,
1713,train_1713,,
1714,train_1714,,
1715,train_1715,,
1716,train_1716,,
1717,train_1717,,
1718,train_1718,,
1719,train_1719,,
1720,train_1720,,
1721,train_1721,,
1722,train_1722,,
1723,train_1723,,
1724,train_1724,,
1725,train_1725,,
1726,train_1726,,
1727,train_1727,,
1728,train_1728,,
1729,train_1729,,
1730,train_1730,,
1731,train_1731,,
1732,train_1732,,
1733,train_1733,,
1734,train_1734,,
1735,train_1735,,
1736,train_1736,,
1737,train_1737,,
1738,train_1738,,
1739,train_1739,,
1740,train_1740,,
1741,train_1741,,
1742,train_1742,,
1743,train_1743,,
1744,train_1744,,
1745,train_1745,,
1746,train_1746,,
1747,train_1747,,
1748,train_1748,,
1749,train_1749,,
1750,train_1750,,
1751,train_1751,,
1752,train_1752,,
1753,train_1753,,
1754,train_1754,,
1755,train_1755,,
1756,train_1756,,
1757,train_1757,,
1758,train_1758,,
1759,train_1759,,
1760,train_1760,,
1761,train_1761,,
1762,train_1762,,
1763,train_1763,,
1764,train_1764,,
1765,train_1765,,
1766,train_1766,,
1767,train_1767,,
1768,train_1768,,
1769,train_1769,,
1770,train_1770,,
1771,train_1771,,
1772,train_1772,,
1773,train_1773,,
1774,train_1774,,
1775,train_1775,,
1776,train_1776,,
1777,train_1777,,
1778,train_1778,,
1779,train_1779,,
1780,train_1780,,
1781,train_1781,,
1782,train_1782,,
1783,train_1783,,
1784,train_1784,,
1785,train_1785,,
1786,train_1786,,
1787,train_1787,,
1788,train_1788,,
1789,train_1789,,
1790,train_1790,,
1791,train_1791,,
1792,train_1792,,
1793,train_1793,,
1794,train_1794,,
1795,train_1795,,
1796,train_1796,,
1797,train_1797,,
1798,train_1798,,
1799,train_1799,,
1800,train_1800,,
1801,train_1801,,
1802,train_1802,,
1803,train_1803,,
1804,train_1804,,
1805,train_1805,,
1806,train_1806,,
1807,train_1807,,
1808,train_1808,,
1809,train_1809,,
1810,train_1810,,
1811,train_1811,,
1812,train_1812,,
1813,train_1813,,
1814,train_1814,,
1815,train_1815,,
1816,train_1816,,
1817,train_1817,,
1818,train_1818,,
1819,train_1819,,
1820,train_1820,,
1821,train_1821,,
1822,train_1822,,
1823,train_1823,,
1824,train_1824,,
1825,train_1825,,
1826,train_1826,,
1827,train_1827,,
1828,train_1828,,
1829,train_1829,,
1830,train_1830,,
1831,train_1831,,
1832,train_1832,,
1833,train_1833,,
1834,train_1834,,
1835,train_1835,,
1836,train_1836,,
1837,train_1837,,
1838,train_1838,,
1839,train_1839,,
1840,train_1840,,
1841,train_1841,,
1842,train_1842,,
1843,train_1843,,
1844,train_1844,,
1845,train_1845,,
1846,train_1846,,
1847,train_1847,,
1848,train_1848,,
1849,train_1849,,
1850,train_1850,,
1851,train_1851,,
1852,train_1852,,
1853,train_1853,,
1854,train_1854,,
1855,train_1855,,
1856,train_1856,,
1857,train_1857,,
1858,train_1858,,
1859,train_1859,,
1860,train_1860,,
1861,train_1861,,
1862,train_1862,,
1863,train_1863,,
1864,train_1864,,
1865,train_1865,,
1866,train_1866,,
1867,train_1867,,
1868,train_1868,,
1869,train_1869,,
1870,train_1870,,
1871,train_1871,,
1872,train_1872,,
1873,train_1873,,
1874,train_1874,,
1875,train_1875,,
1876,train_1876,,
1877,train_1877,,
1878,train_1878,,
1879,train_1879,,
1880,train_1880,,
1881,train_1881,,
1882,train_1882,,
1883,train_1883,,
1884,train_1884,,
1885,train_1885,,
1886,train_1886,,
1887,train_1887,,
1888,train_1888,,
1889,train_1889,,
1890,train_1890,,
1891,train_1891,,
1892,train_1892,,
1893,train_1893,,
1894,train_1894,,
1895,train_1895,,
1896,train_1896,,
1897,train_1897,,
1898,train_1898,,
1899,train_1899,,
1900,train_1900,,
1901,train_1901,,
1902,train_1902,,
1903,train_1903,,
1904,train_1904,,
1905,train_1905,,
1906,train_1906,,
1907,train_1907,,
1908,train_1908,,
1909,train_1909,,
1910,train_1910,,
1911,train_1911,,
1912,train_1912,,
1913,train_1913,,
1914,train_1914,,
1915,train_1915,,
1916,train_1916,,
1917,train_1917,,
1918,train_1918,,
1919,train_1919,,
1920,train_1920,,
1921,train_1921,,
1922,train_1922,,
1923,train_1923,,
1924,train_1924,,
1925,train_1925,,
1926,train_1926,,
1927,train_1927,,
1928,train_1928,,
1929,train_1929,,
1930,train_1930,,
1931,train_1931,,
1932,train_1932,,
1933,train_1933,,
1934,train_1934,,
1935,train_1935,,
1936,train_1936,,
1937,train_1937,,
1938,train_1938,,
1939,train_1939,,
1940,train_1940,,
1941,train_1941,,
1942,train_1942,,
1943,train_1943,,
1944,train_1944,,
1945,train_1945,,
1946,train_1946,,
1947,train_1947,,
1948,train_1948,,
1949,train_1949,,
1950,train_1950,,
1951,train_1951,,
1952,train_1952,,
1953,train_1953,,
1954,train_1954,,
1955,train_1955,,
1956,train_1956,,
1957,train_1957,,
1958,train_1958,,
1959,train_1959,,
1960,train_1960,,
1961,train_1961,,
1962,train_1962,,
1963,train_1963,,
1964,train_1964,,
1965,train_1965,,
1966,train_1966,,
1967,train_1967,,
1968,train_1968,,
1969,train_1969,,
1970,train_1970,,
1971,train_1971,,
1972,train_1972,,
1973,train_1973,,
1974,train_1974,,
1975,train_1975,,
1976,train_1976,,
1977,train_1977,,
1978,train_1978,,
1979,train_1979,,
1980,train_1980,,
1981,train_1981,,
1982,train_1982,,
1983,train_1983,,
1984,train_1984,,
1985,train_1985,,
1986,train_1986,,
1987,train_1987,,
1988,train_1988,,
1989,train_1989,,
1990,train_1990,,
1991,train_1991,,
1992,train_1992,,
1993,train_1993,,
1994,train_1994,,
1995,train_1995,,
1996,train_1996,,
1997,train_1997,,
1998,train_1998,,
1999,train_1999,,
2000,train_2000,,
2001,train_2001,,
2002,train_2002,,
2003,train_2003,,
2004,train_2004,,
2005,train_2005,,
2006,train_2006,,
2007,train_2007,,
2008,train_2008,,
2009,train_2009,,
2010,train_2010,,
2011,train_2011,,
2012,train_2012,,
2013,train_2013,,
2014,train_2014,,
2015,train_2015,,
2016,train_2016,,
2017,train_2017,,
2018,train_2018,,
2019,train_2019,,
2020,train_2020,,
2021,train_2021,,
2022,train_2022,,
2023,train_2023,,
2024,train_2024,,
2025,train_2025,,
2026,train_2026,,
2027,train_2027,,
2028,train_2028,,
2029,train_2029,,
2030,train_2030,,
2031,train_2031,,
2032,train_2032,,
2033,train_2033,,
2034,train_2034,,
2035,train_2035,,
2036,train_2036,,
2037,train_2037,,
2038,train_2038,,
2039,train_2039,,
2040,train_2040,,
2041,train_2041,,
2042,train_2042,,
2043,train_2043,,
2044,train_2044,,
2045,train_2045,,
2046,train_2046,,
2047,train_2047,,
2048,train_2048,,
2049,train_2049,,
2050,train_2050,,
2051,train_2051,,
2052,train_2052,,
2053,train_2053,,
2054,train_2054,,
2055,train_2055,,
2056,train_2056,,
2057,train_2057,,
2058,train_2058,,
2059,train_2059,,
2060,train_2060,,
2061,train_2061,,
2062,train_2062,,
2063,train_2063,,
2064,train_2064,,
2065,train_2065,,
2066,train_2066,,
2067,train_2067,,
2068,train_2068,,
2069,train_2069,,
2070,train_2070,,
2071,train_2071,,
2072,train_2072,,
2073,train_2073,,
2074,train_2074,,
2075,train_2075,,
2076,train_2076,,
2077,train_2077,,
2078,train_2078,,
2079,train_2079,,
2080,train_2080,,
2081,train_2081,,
2082,train_2082,,
2083,train_2083,,
2084,train_2084,,
2085,train_2085,,
2086,train_2086,,
2087,train_2087,,
2088,train_2088,,
2089,train_2089,,
2090,train_2090,,
2091,train_2091,,
2092,train_2092,,
2093,train_2093,,
2094,train_2094,,
2095,train_2095,,
2096,train_2096,,
2097,train_2097,,
2098,train_2098,,
2099,train_2099,,
2100,train_2100,,
2101,train_2101,,
2102,train_2102,,
2103,train_2103,,
2104,train_2104,,
2105,train_2105,,
2106,train_2106,,
2107,train_2107,,
2108,train_2108,,
2109,train_2109,,
2110,train_2110,,
2111,train_2111,,
2112,train_2112,,
2113,train_2113,,
2114,train_2114,,
2115,train_2115,,
2116,train_2116,,
2117,train_2117,,
2118,train_2118,,
2119,train_2119,,
2120,train_2120,,
2121,train_2121,,
2122,train_2122,,
2123,train_2123,,
2124,train_2124,,
2125,train_2125,,
2126,train_2126,,
2127,train_2127,,
2128,train_2128,,
2129,train_2129,,
2130,train_2130,,
2131,train_2131,,
2132,train_2132,,
2133,train_2133,,
2134,train_2134,,
2135,train_2135,,
2136,train_2136,,
2137,train_2137,,
2138,train_2138,,
2139,train_2139,,
2140,train_2140,,
2141,train_2141,,
2142,train_2142,,
2143,train_2143,,
2144,train_2144,,
2145,train_2145,,
2146,train_2146,,
2147,train_2147,,
2148,train_2148,,
2149,train_2149,,
2150,train_2150,,
2151,train_2151,,
2152,train_2152,,
2153,train_2153,,
2154,train_2154,,
2155,train_2155,,
2156,train_2156,,
2157,train_2157,,
2158,train_2158,,
2159,train_2159,,
2160,train_2160,,
2161,train_2161,,
2162,train_2162,,
2163,train_2163,,
2164,train_2164,,
2165,train_2165,,
2166,train_2166,,
2167,train_2167,,
2168,train_2168,,
2169,train_2169,,
2170,train_2170,,
2171,train_2171,,
2172,train_2172,,
2173,train_2173,,
2174,train_2174,,
2175,train_2175,,
2176,train_2176,,
2177,train_2177,,
2178,train_2178,,
2179,train_2179,,
2180,train_2180,,
2181,train_2181,,
2182,train_2182,,
2183,train_2183,,
2184,train_2184,,
2185,train_2185,,
2186,train_2186,,
2187,train_2187,,
2188,train_2188,,
2189,train_2189,,
2190,train_2190,,
2191,train_2191,,
2192,train_2192,,
2193,train_2193,,
2194,train_2194,,
2195,train_2195,,
2196,train_2196,,
2197,train_2197,,
2198,train_2198,,
2199,train_2199,,
2200,train_2200,,
2201,train_2201,,
2202,train_2202,,
2203,train_2203,,
2204,train_2204,,
2205,train_2205,,
2206,train_2206,,
2207,train_2207,,
2208,train_2208,,
2209,train_2209,,
2210,train_2210,,
2211,train_2211,,
2212,train_2212,,
2213,train_2213,,
2214,train_2214,,
2215,train_2215,,
2216,train_2216,,
2217,train_2217,,
2218,train_2218,,
2219,train_2219,,
2220,train_2220,,
2221,train_2221,,
2222,train_2222,,
2223,train_2223,,
2224,train_2224,,
2225,train_2225,,
2226,train_2226,,
2227,train_2227,,
2228,train_2228,,
2229,train_2229,,
2230,train_2230,,
2231,train_2231,,
2232,train_2232,,
2233,train_2233,,
2234,train_2234,,
2235,train_2235,,
2236,train_2236,,
2237,train_2237,,
2238,train_2238,,
2239,train_2239,,
2240,train_2240,,
2241,train_2241,,
2242,train_2242,,
2243,train_2243,,
2244,train_2244,,
2245,train_2245,,
2246,train_2246,,
2247,train_2247,,
2248,train_2248,,
2249,train_2249,,
2250,train_2250,,
2251,train_2251,,
2252,train_2252,,
2253,train_2253,,
2254,train_2254,,
2255,train_2255,,
2256,train_2256,,
2257,train_2257,,
2258,train_2258,,
2259,train_2259,,
2260,train_2260,,
2261,train_2261,,
2262,train_2262,,
2263,train_2263,,
2264,train_2264,,
2265,train_2265,,
2266,train_2266,,
2267,train_2267,,
2268,train_2268,,
2269,train_2269,,
2270,train_2270,,
2271,train_2271,,
2272,train_2272,,
2273,train_2273,,
2274,train_2274,,
2275,train_2275,,
2276,train_2276,,
2277,train_2277,,
2278,train_2278,,
2279,train_2279,,
2280,train_2280,,
2281,train_2281,,
2282,train_2282,,
2283,train_2283,,
2284,train_2284,,
2285,train_2285,,
2286,train_2286,,
2287,train_2287,,
2288,train_2288,,
2289,train_2289,,
2290,train_2290,,
2291,train_2291,,
2292,train_2292,,
2293,train_2293,,
2294,train_2294,,
2295,train_2295,,
2296,train_2296,,
2297,train_2297,,
2298,train_2298,,
2299,train_2299,,
2300,train_2300,,
2301,train_2301,,
2302,train_2302,,
2303,train_2303,,
2304,train_2304,,
2305,train_2305,,
2306,train_2306,,
2307,train_2307,,
2308,train_2308,,
2309,train_2309,,
2310,train_2310,,
2311,train_2311,,
2312,train_2312,,
2313,train_2313,,
2314,train_2314,,
2315,train_2315,,
2316,train_2316,,
2317,train_2317,,
2318,train_2318,,
2319,train_2319,,
2320,train_2320,,
2321,train_2321,,
2322,train_2322,,
2323,train_2323,,
2324,train_2324,,
2325,train_2325,,
2326,train_2326,,
2327,train_2327,,
2328,train_2328,,
2329,train_2329,,
2330,train_2330,,
2331,train_2331,,
2332,train_2332,,
2333,train_2333,,
2334,train_2334,,
2335,train_2335,,
2336,train_2336,,
2337,train_2337,,
2338,train_2338,,
2339,train_2339,,
2340,train_2340,,
2341,train_2341,,
2342,train_2342,,
2343,train_2343,,
2344,train_2344,,
2345,train_2345,,
2346,train_2346,,
2347,train_2347,,
2348,train_2348,,
2349,train_2349,,
2350,train_2350,,
2351,train_2351,,
2352,train_2352,,
2353,train_2353,,
2354,train_2354,,
2355,train_2355,,
2356,train_2356,,
2357,train_2357,,
2358,train_2358,,
2359,train_2359,,
2360,train_2360,,
2361,train_2361,,
2362,train_2362,,
2363,train_2363,,
2364,train_2364,,
2365,train_2365,,
2366,train_2366,,
2367,train_2367,,
2368,train_2368,,
2369,train_2369,,
2370,train_2370,,
2371,train_2371,,
2372,train_2372,,
2373,train_2373,,
2374,train_2374,,
2375,train_2375,,
2376,train_2376,,
2377,train_2377,,
2378,train_2378,,
2379,train_2379,,
2380,train_2380,,
2381,train_2381,,
2382,train_2382,,
2383,train_2383,,
2384,train_2384,,
2385,train_2385,,
2386,train_2386,,
2387,train_2387,,
2388,train_2388,,
2389,train_2389,,
2390,train_2390,,
2391,train_2391,,
2392,train_2392,,
2393,train_2393,,
2394,train_2394,,
2395,train_2395,,
2396,train_2396,,
2397,train_2397,,
2398,train_2398,,
2399,train_2399,,
2400,train_2400,,
2401,train_2401,,
2402,train_2402,,
2403,train_2403,,
2404,train_2404,,
2405,train_2405,,
2406,train_2406,,
2407,train_2407,,
2408,train_2408,,
2409,train_2409,,
2410,train_2410,,
2411,train_2411,,
2412,train_2412,,
2413,train_2413,,
2414,train_2414,,
2415,train_2415,,
2416,train_2416,,
2417,train_2417,,
2418,train_2418,,
2419,train_2419,,
2420,train_2420,,
2421,train_2421,,
2422,train_2422,,
2423,train_2423,,
2424,train_2424,,
2425,train_2425,,
2426,train_2426,,
2427,train_2427,,
2428,train_2428,,
2429,train_2429,,
2430,train_2430,,
2431,train_2431,,
2432,train_2432,,
2433,train_2433,,
2434,train_2434,,
2435,train_2435,,
2436,train_2436,,
2437,train_2437,,
2438,train_2438,,
2439,train_2439,,
2440,train_2440,,
2441,train_2441,,
2442,train_2442,,
2443,train_2443,,
2444,train_2444,,
2445,train_2445,,
2446,train_2446,,
2447,train_2447,,
2448,train_2448,,
2449,train_2449,,
2450,train_2450,,
2451,train_2451,,
2452,train_2452,,
2453,train_2453,,
2454,train_2454,,
2455,train_2455,,
2456,train_2456,,
2457,train_2457,,
2458,train_2458,,
2459,train_2459,,
2460,train_2460,,
2461,train_2461,,
2462,train_2462,,
2463,train_2463,,
2464,train_2464,,
2465,train_2465,,
2466,train_2466,,
2467,train_2467,,
2468,train_2468,,
2469,train_2469,,
2470,train_2470,,
2471,train_2471,,
2472,train_2472,,
2473,train_2473,,
2474,train_2474,,
2475,train_2475,,
2476,train_2476,,
2477,train_2477,,
2478,train_2478,,
2479,train_2479,,
2480,train_2480,,
2481,train_2481,,
2482,train_2482,,
2483,train_2483,,
2484,train_2484,,
2485,train_2485,,
2486,train_2486,,
2487,train_2487,,
2488,train_2488,,
2489,train_2489,,
2490,train_2490,,
2491,train_2491,,
2492,train_2492,,
2493,train_2493,,
2494,train_2494,,
2495,train_2495,,
2496,train_2496,,
2497,train_2497,,
2498,train_2498,,
2499,train_2499,,
2500,train_2500,,
2501,train_2501,,
2502,train_2502,,
2503,train_2503,,
2504,train_2504,,
2505,train_2505,,
2506,train_2506,,
2507,train_2507,,
2508,train_2508,,
2509,train_2509,,
2510,train_2510,,
2511,train_2511,,
2512,train_2512,,
2513,train_2513,,
2514,train_2514,,
2515,train_2515,,
2516,train_2516,,
2517,train_2517,,
2518,train_2518,,
2519,train_2519,,
2520,train_2520,,
2521,train_2521,,
2522,train_2522,,
2523,train_2523,,
2524,train_2524,,
2525,train_2525,,
2526,train_2526,,
2527,train_2527,,
2528,train_2528,,
2529,train_2529,,
2530,train_2530,,
2531,train_2531,,
2532,train_2532,,
2533,train_2533,,
2534,train_2534,,
2535,train_2535,,
2536,train_2536,,
2537,train_2537,,
2538,train_2538,,
2539,train_2539,,
2540,train_2540,,
2541,train_2541,,
2542,train_2542,,
2543,train_2543,,
2544,train_2544,,
2545,train_2545,,
2546,train_2546,,
2547,train_2547,,
2548,train_2548,,
2549,train_2549,,
2550,train_2550,,
2551,train_2551,,
2552,train_2552,,
2553,train_2553,,
2554,train_2554,,
2555,train_2555,,
2556,train_2556,,
2557,train_2557,,
2558,train_2558,,
2559,train_2559,,
2560,train_2560,,
2561,train_2561,,
2562,train_2562,,
2563,train_2563,,
2564,train_2564,,
2565,train_2565,,
2566,train_2566,,
2567,train_2567,,
2568,train_2568,,
2569,train_2569,,
2570,train_2570,,
2571,train_2571,,
2572,train_2572,,
2573,train_2573,,
2574,train_2574,,
2575,train_2575,,
2576,train_2576,,
2577,train_2577,,
2578,train_2578,,
2579,train_2579,,
2580,train_2580,,
2581,train_2581,,
2582,train_2582,,
2583,train_2583,,
2584,train_2584,,
2585,train_2585,,
2586,train_2586,,
2587,train_2587,,
2588,train_2588,,
2589,train_2589,,
2590,train_2590,,
2591,train_2591,,
2592,train_2592,,
2593,train_2593,,
2594,train_2594,,
2595,train_2595,,
2596,train_2596,,
2597,train_2597,,
2598,train_2598,,
2599,train_2599,,
2600,train_2600,,
2601,train_2601,,
2602,train_2602,,
2603,train_2603,,
2604,train_2604,,
2605,train_2605,,
2606,train_2606,,
2607,train_2607,,
2608,train_2608,,
2609,train_2609,,
2610,train_2610,,
2611,train_2611,,
2612,train_2612,,
2613,train_2613,,
2614,train_2614,,
2615,train_2615,,
2616,train_2616,,
2617,train_2617,,
2618,train_2618,,
2619,train_2619,,
2620,train_2620,,
2621,train_2621,,
2622,train_2622,,
2623,train_2623,,
2624,train_2624,,
2625,train_2625,,
2626,train_2626,,
2627,train_2627,,
2628,train_2628,,
2629,train_2629,,
2630,train_2630,,
2631,train_2631,,
2632,train_2632,,
2633,train_2633,,
2634,train_2634,,
2635,train_2635,,
2636,train_2636,,
2637,train_2637,,
2638,train_2638,,
2639,train_2639,,
2640,train_2640,,
2641,train_2641,,
2642,train_2642,,
2643,train_2643,,
2644,train_2644,,
2645,train_2645,,
2646,train_2646,,
2647,train_2647,,
2648,train_2648,,
2649,train_2649,,
2650,train_2650,,
2651,train_2651,,
2652,train_2652,,
2653,train_2653,,
2654,train_2654,,
2655,train_2655,,
2656,train_2656,,
2657,train_2657,,
2658,train_2658,,
2659,train_2659,,
2660,train_2660,,
2661,train_2661,,
2662,train_2662,,
2663,train_2663,,
2664,train_2664,,
2665,train_2665,,
2666,train_2666,,
2667,train_2667,,
2668,train_2668,,
2669,train_2669,,
2670,train_2670,,
2671,train_2671,,
2672,train_2672,,
2673,train_2673,,
2674,train_2674,,
2675,train_2675,,
2676,train_2676,,
2677,train_2677,,
2678,train_2678,,
2679,train_2679,,
2680,train_2680,,
2681,train_2681,,
2682,train_2682,,
2683,train_2683,,
2684,train_2684,,
2685,train_2685,,
2686,train_2686,,
2687,train_2687,,
2688,train_2688,,
2689,train_2689,,
2690,train_2690,,
2691,train_2691,,
2692,train_2692,,
2693,train_2693,,
2694,train_2694,,
2695,train_2695,,
2696,train_2696,,
2697,train_2697,,
2698,train_2698,,
2699,train_2699,,
2700,train_2700,,
2701,train_2701,,
2702,train_2702,,
2703,train_2703,,
2704,train_2704,,
2705,train_2705,,
2706,train_2706,,
2707,train_2707,,
2708,train_2708,,
2709,train_2709,,
2710,train_2710,,
2711,train_2711,,
2712,train_2712,,
2713,train_2713,,
2714,train_2714,,
2715,train_2715,,
2716,train_2716,,
2717,train_2717,,
2718,train_2718,,
2719,train_2719,,
2720,train_2720,,
2721,train_2721,,
2722,train_2722,,
2723,train_2723,,
2724,train_2724,,
2725,train_2725,,
2726,train_2726,,
2727,train_2727,,
2728,train_2728,,
2729,train_2729,,
2730,train_2730,,
2731,train_2731,,
2732,train_2732,,
2733,train_2733,,
2734,train_2734,,
2735,train_2735,,
2736,train_2736,,
2737,train_2737,,
2738,train_2738,,
2739,train_2739,,
2740,train_2740,,
2741,train_2741,,
2742,train_2742,,
2743,train_2743,,
2744,train_2744,,
2745,train_2745,,
2746,train_2746,,
2747,train_2747,,
2748,train_2748,,
2749,train_2749,,
2750,train_2750,,
2751,train_2751,,
2752,train_2752,,
2753,train_2753,,
2754,train_2754,,
2755,train_2755,,
2756,train_2756,,
2757,train_2757,,
2758,train_2758,,
2759,train_2759,,
2760,train_2760,,
2761,train_2761,,
2762,train_2762,,
2763,train_2763,,
2764,train_2764,,
2765,train_2765,,
2766,train_2766,,
2767,train_2767,,
2768,train_2768,,
2769,train_2769,,
2770,train_2770,,
2771,train_2771,,
2772,train_2772,,
2773,train_2773,,
2774,train_2774,,
2775,train_2775,,
2776,train_2776,,
2777,train_2777,,
2778,train_2778,,
2779,train_2779,,
2780,train_2780,,
2781,train_2781,,
2782,train_2782,,
2783,train_2783,,
2784,train_2784,,
2785,train_2785,,
2786,train_2786,,
2787,train_2787,,
2788,train_2788,,
2789,train_2789,,
2790,train_2790,,
2791,train_2791,,
2792,train_2792,,
2793,train_2793,,
2794,train_2794,,
2795,train_2795,,
2796,train_2796,,
2797,train_2797,,
2798,train_2798,,
2799,train_2799,,
2800,train_2800,,
2801,train_2801,,
2802,train_2802,,
2803,train_2803,,
2804,train_2804,,
2805,train_2805,,
2806,train_2806,,
2807,train_2807,,
2808,train_2808,,
2809,train_2809,,
2810,train_2810,,
2811,train_2811,,
2812,train_2812,,
2813,train_2813,,
2814,train_2814,,
2815,train_2815,,
2816,train_2816,,
2817,train_2817,,
2818,train_2818,,
2819,train_2819,,
2820,train_2820,,
2821,train_2821,,
2822,train_2822,,
2823,train_2823,,
2824,train_2824,,
2825,train_2825,,
2826,train_2826,,
2827,train_2827,,
2828,train_2828,,
2829,train_2829,,
2830,train_2830,,
2831,train_2831,,
2832,train_2832,,
2833,train_2833,,
2834,train_2834,,
2835,train_2835,,
2836,train_2836,,
2837,train_2837,,
2838,train_2838,,
2839,train_2839,,
2840,train_2840,,
2841,train_2841,,
2842,train_2842,,
2843,train_2843,,
2844,train_2844,,
2845,train_2845,,
2846,train_2846,,
2847,train_2847,,
2848,train_2848,,
2849,train_2849,,
2850,train_2850,,
2851,train_2851,,
2852,train_2852,,
2853,train_2853,,
2854,train_2854,,
2855,train_2855,,
2856,train_2856,,
2857,train_2857,,
2858,train_2858,,
2859,train_2859,,
2860,train_2860,,
2861,train_2861,,
2862,train_2862,,
2863,train_2863,,
2864,train_2864,,
2865,train_2865,,
2866,train_2866,,
2867,train_2867,,
2868,train_2868,,
2869,train_2869,,
2870,train_2870,,
2871,train_2871,,
2872,train_2872,,
2873,train_2873,,
2874,train_2874,,
2875,train_2875,,
2876,train_2876,,
2877,train_2877,,
2878,train_2878,,
2879,train_2879,,
2880,train_2880,,
2881,train_2881,,
2882,train_2882,,
2883,train_2883,,
2884,train_2884,,
2885,train_2885,,
2886,train_2886,,
2887,train_2887,,
2888,train_2888,,
2889,train_2889,,
2890,train_2890,,
2891,train_2891,,
2892,train_2892,,
2893,train_2893,,
2894,train_2894,,
2895,train_2895,,
2896,train_2896,,
2897,train_2897,,
2898,train_2898,,
2899,train_2899,,
2900,train_2900,,
2901,train_2901,,
2902,train_2902,,
2903,train_2903,,
2904,train_2904,,
2905,train_2905,,
2906,train_2906,,
2907,train_2907,,
2908,train_2908,,
2909,train_2909,,
2910,train_2910,,
2911,train_2911,,
2912,train_2912,,
2913,train_2913,,
2914,train_2914,,
2915,train_2915,,
2916,train_2916,,
2917,train_2917,,
2918,train_2918,,
2919,train_2919,,
2920,train_2920,,
2921,train_2921,,
2922,train_2922,,
2923,train_2923,,
2924,train_2924,,
2925,train_2925,,
2926,train_2926,,
2927,train_2927,,
2928,train_2928,,
2929,train_2929,,
2930,train_2930,,
2931,train_2931,,
2932,train_2932,,
2933,train_2933,,
2934,train_2934,,
2935,train_2935,,
2936,train_2936,,
2937,train_2937,,
2938,train_2938,,
2939,train_2939,,
2940,train_2940,,
2941,train_2941,,
2942,train_2942,,
2943,train_2943,,
2944,train_2944,,
2945,train_2945,,
2946,train_2946,,
2947,train_2947,,
2948,train_2948,,
2949,train_2949,,
2950,train_2950,,
2951,train_2951,,
2952,train_2952,,
2953,train_2953,,
2954,train_2954,,
2955,train_2955,,
2956,train_2956,,
2957,train_2957,,
2958,train_2958,,
2959,train_2959,,
2960,train_2960,,
2961,train_2961,,
2962,train_2962,,
2963,train_2963,,
2964,train_2964,,
2965,train_2965,,
2966,train_2966,,
2967,train_2967,,
2968,train_2968,,
2969,train_2969,,
2970,train_2970,,
2971,train_2971,,
2972,train_2972,,
2973,train_2973,,
2974,train_2974,,
2975,train_2975,,
2976,train_2976,,
2977,train_2977,,
2978,train_2978,,
2979,train_2979,,
2980,train_2980,,
2981,train_2981,,
2982,train_2982,,
2983,train_2983,,
2984,train_2984,,
2985,train_2985,,
2986,train_2986,,
2987,train_2987,,
2988,train_2988,,
2989,train_2989,,
2990,train_2990,,
2991,train_2991,,
2992,train_2992,,
2993,train_2993,,
2994,train_2994,,
2995,train_2995,,
2996,train_2996,,
2997,train_2997,,
2998,train_2998,,
2999,train_2999,,
3000,train_3000,,
3001,train_3001,,
3002,train_3002,,
3003,train_3003,,
3004,train_3004,,
3005,train_3005,,
3006,train_3006,,
3007,train_3007,,
3008,train_3008,,
3009,train_3009,,
3010,train_3010,,
3011,train_3011,,
3012,train_3012,,
3013,train_3013,,
3014,train_3014,,
3015,train_3015,,
3016,train_3016,,
3017,train_3017,,
3018,train_3018,,
3019,train_3019,,
3020,train_3020,,
3021,train_3021,,
3022,train_3022,,
3023,train_3023,,
3024,train_3024,,
3025,train_3025,,
3026,train_3026,,
3027,train_3027,,
3028,train_3028,,
3029,train_3029,,
3030,train_3030,,
3031,train_3031,,
3032,train_3032,,
3033,train_3033,,
3034,train_3034,,
3035,train_3035,,
3036,train_3036,,
3037,train_3037,,
3038,train_3038,,
3039,train_3039,,
3040,train_3040,,
3041,train_3041,,
3042,train_3042,,
3043,train_3043,,
3044,train_3044,,
3045,train_3045,,
3046,train_3046,,
3047,train_3047,,
3048,train_3048,,
3049,train_3049,,
3050,train_3050,,
3051,train_3051,,
3052,train_3052,,
3053,train_3053,,
3054,train_3054,,
3055,train_3055,,
3056,train_3056,,
3057,train_3057,,
3058,train_3058,,
3059,train_3059,,
3060,train_3060,,
3061,train_3061,,
3062,train_3062,,
3063,train_3063,,
3064,train_3064,,
3065,train_3065,,
3066,train_3066,,
3067,train_3067,,
3068,train_3068,,
3069,train_3069,,
3070,train_3070,,
3071,train_3071,,
3072,train_3072,,
3073,train_3073,,
3074,train_3074,,
3075,train_3075,,
3076,train_3076,,
3077,train_3077,,
3078,train_3078,,
3079,train_3079,,
3080,train_3080,,
3081,train_3081,,
3082,train_3082,,
3083,train_3083,,
3084,train_3084,,
3085,train_3085,,
3086,train_3086,,
3087,train_3087,,
3088,train_3088,,
3089,train_3089,,
3090,train_3090,,
3091,train_3091,,
3092,train_3092,,
3093,train_3093,,
3094,train_3094,,
3095,train_3095,,
3096,train_3096,,
3097,train_3097,,
3098,train_3098,,
3099,train_3099,,
3100,train_3100,,
3101,train_3101,,
3102,train_3102,,
3103,train_3103,,
3104,train_3104,,
3105,train_3105,,
3106,train_3106,,
3107,train_3107,,
3108,train_3108,,
3109,train_3109,,
3110,train_3110,,
3111,train_3111,,
3112,train_3112,,
3113,train_3113,,
3114,train_3114,,
3115,train_3115,,
3116,train_3116,,
3117,train_3117,,
3118,train_3118,,
3119,train_3119,,
3120,train_3120,,
3121,train_3121,,
3122,train_3122,,
3123,train_3123,,
3124,train_3124,,
3125,train_3125,,
3126,train_3126,,
3127,train_3127,,
3128,train_3128,,
3129,train_3129,,
3130,train_3130,,
3131,train_3131,,
3132,train_3132,,
3133,train_3133,,
3134,train_3134,,
3135,train_3135,,
3136,train_3136,,
3137,train_3137,,
3138,train_3138,,
3139,train_3139,,
3140,train_3140,,
3141,train_3141,,
3142,train_3142,,
3143,train_3143,,
3144,train_3144,,
3145,train_3145,,
3146,train_3146,,
3147,train_3147,,
3148,train_3148,,
3149,train_3149,,
3150,train_3150,,
3151,train_3151,,
3152,train_3152,,
3153,train_3153,,
3154,train_3154,,
3155,train_3155,,
3156,train_3156,,
3157,train_3157,,
3158,train_3158,,
3159,train_3159,,
3160,train_3160,,
3161,train_3161,,
3162,train_3162,,
3163,train_3163,,
3164,train_3164,,
3165,train_3165,,
3166,train_3166,,
3167,train_3167,,
3168,train_3168,,
3169,train_3169,,
3170,train_3170,,
3171,train_3171,,
3172,train_3172,,
3173,train_3173,,
3174,train_3174,,
3175,train_3175,,
3176,train_3176,,
3177,train_3177,,
3178,train_3178,,
3179,train_3179,,
3180,train_3180,,
3181,train_3181,,
3182,train_3182,,
3183,train_3183,,
3184,train_3184,,
3185,train_3185,,
3186,train_3186,,
3187,train_3187,,
3188,train_3188,,
3189,train_3189,,
3190,train_3190,,
3191,train_3191,,
3192,train_3192,,
3193,train_3193,,
3194,train_3194,,
3195,train_3195,,
3196,train_3196,,
3197,train_3197,,
3198,train_3198,,
3199,train_3199,,
3200,train_3200,,
3201,train_3201,,
3202,train_3202,,
3203,train_3203,,
3204,train_3204,,
3205,train_3205,,
3206,train_3206,,
3207,train_3207,,
3208,train_3208,,
3209,train_3209,,
3210,train_3210,,
3211,train_3211,,
3212,train_3212,,
3213,train_3213,,
3214,train_3214,,
3215,train_3215,,
3216,train_3216,,
3217,train_3217,,
3218,train_3218,,
3219,train_3219,,
3220,train_3220,,
3221,train_3221,,
3222,train_3222,,
3223,train_3223,,
3224,train_3224,,
3225,train_3225,,
3226,train_3226,,
3227,train_3227,,
3228,train_3228,,
3229,train_3229,,
3230,train_3230,,
3231,train_3231,,
3232,train_3232,,
3233,train_3233,,
3234,train_3234,,
3235,train_3235,,
3236,train_3236,,
3237,train_3237,,
3238,train_3238,,
3239,train_3239,,
3240,train_3240,,
3241,train_3241,,
3242,train_3242,,
3243,train_3243,,
3244,train_3244,,
3245,train_3245,,
3246,train_3246,,
3247,train_3247,,
3248,train_3248,,
3249,train_3249,,
3250,train_3250,,
3251,train_3251,,
3252,train_3252,,
3253,train_3253,,
3254,train_3254,,
3255,train_3255,,
3256,train_3256,,
3257,train_3257,,
3258,train_3258,,
3259,train_3259,,
3260,train_3260,,
3261,train_3261,,
3262,train_3262,,
3263,train_3263,,
3264,train_3264,,
3265,train_3265,,
3266,train_3266,,
3267,train_3267,,
3268,train_3268,,
3269,train_3269,,
3270,train_3270,,
3271,train_3271,,
3272,train_3272,,
3273,train_3273,,
3274,train_3274,,
3275,train_3275,,
3276,train_3276,,
3277,train_3277,,
3278,train_3278,,
3279,train_3279,,
3280,train_3280,,
3281,train_3281,,
3282,train_3282,,
3283,train_3283,,
3284,train_3284,,
3285,train_3285,,
3286,train_3286,,
3287,train_3287,,
3288,train_3288,,
3289,train_3289,,
3290,train_3290,,
3291,train_3291,,
3292,train_3292,,
3293,train_3293,,
3294,train_3294,,
3295,train_3295,,
3296,train_3296,,
3297,train_3297,,
3298,train_3298,,
3299,train_3299,,
3300,train_3300,,
3301,train_3301,,
3302,train_3302,,
3303,train_3303,,
3304,train_3304,,
3305,train_3305,,
3306,train_3306,,
3307,train_3307,,
3308,train_3308,,
3309,train_3309,,
3310,train_3310,,
3311,train_3311,,
3312,train_3312,,
3313,train_3313,,
3314,train_3314,,
3315,train_3315,,
3316,train_3316,,
3317,train_3317,,
3318,train_3318,,
3319,train_3319,,
3320,train_3320,,
3321,train_3321,,
3322,train_3322,,
3323,train_3323,,
3324,train_3324,,
3325,train_3325,,
3326,train_3326,,
3327,train_3327,,
3328,train_3328,,
3329,train_3329,,
3330,train_3330,,
3331,train_3331,,
3332,train_3332,,
3333,train_3333,,
3334,train_3334,,
3335,train_3335,,
3336,train_3336,,
3337,train_3337,,
3338,train_3338,,
3339,train_3339,,
3340,train_3340,,
3341,train_3341,,
3342,train_3342,,
3343,train_3343,,
3344,train_3344,,
3345,train_3345,,
3346,train_3346,,
3347,train_3347,,
3348,train_3348,,
3349,train_3349,,
3350,train_3350,,
3351,train_3351,,
3352,train_3352,,
3353,train_3353,,
3354,train_3354,,
3355,train_3355,,
3356,train_3356,,
3357,train_3357,,
3358,train_3358,,
3359,train_3359,,
3360,train_3360,,
3361,train_3361,,
3362,train_3362,,
3363,train_3363,,
3364,train_3364,,
3365,train_3365,,
3366,train_3366,,
3367,train_3367,,
3368,train_3368,,
3369,train_3369,,
3370,train_3370,,
3371,train_3371,,
3372,train_3372,,
3373,train_3373,,
3374,train_3374,,
3375,train_3375,,
3376,train_3376,,
3377,train_3377,,
3378,train_3378,,
3379,train_3379,,
3380,train_3380,,
3381,train_3381,,
3382,train_3382,,
3383,train_3383,,
3384,train_3384,,
3385,train_3385,,
3386,train_3386,,
3387,train_3387,,
3388,train_3388,,
3389,train_3389,,
3390,train_3390,,
3391,train_3391,,
3392,train_3392,,
3393,train_3393,,
3394,train_3394,,
3395,train_3395,,
3396,train_3396,,
3397,train_3397,,
3398,train_3398,,
3399,train_3399,,
3400,train_3400,,
3401,train_3401,,
3402,train_3402,,
3403,train_3403,,
3404,train_3404,,
3405,train_3405,,
3406,train_3406,,
3407,train_3407,,
3408,train_3408,,
3409,train_3409,,
3410,train_3410,,
3411,train_3411,,
3412,train_3412,,
3413,train_3413,,
3414,train_3414,,
3415,train_3415,,
3416,train_3416,,
3417,train_3417,,
3418,train_3418,,
3419,train_3419,,
3420,train_3420,,
3421,train_3421,,
3422,train_3422,,
3423,train_3423,,
3424,train_3424,,
3425,train_3425,,
3426,train_3426,,
3427,train_3427,,
3428,train_3428,,
3429,train_3429,,
3430,train_3430,,
3431,train_3431,,
3432,train_3432,,
3433,train_3433,,
3434,train_3434,,
3435,train_3435,,
3436,train_3436,,
3437,train_3437,,
3438,train_3438,,
3439,train_3439,,
3440,train_3440,,
3441,train_3441,,
3442,train_3442,,
3443,train_3443,,
3444,train_3444,,
3445,train_3445,,
3446,train_3446,,
3447,train_3447,,
3448,train_3448,,
3449,train_3449,,
3450,train_3450,,
3451,train_3451,,
3452,train_3452,,
3453,train_3453,,
3454,train_3454,,
3455,train_3455,,
3456,train_3456,,
3457,train_3457,,
3458,train_3458,,
3459,train_3459,,
3460,train_3460,,
3461,train_3461,,
3462,train_3462,,
3463,train_3463,,
3464,train_3464,,
3465,train_3465,,
3466,train_3466,,
3467,train_3467,,
3468,train_3468,,
3469,train_3469,,
3470,train_3470,,
3471,train_3471,,
3472,train_3472,,
3473,train_3473,,
3474,train_3474,,
3475,train_3475,,
3476,train_3476,,
3477,train_3477,,
3478,train_3478,,
3479,train_3479,,
3480,train_3480,,
3481,train_3481,,
3482,train_3482,,
3483,train_3483,,
3484,train_3484,,
3485,train_3485,,
3486,train_3486,,
3487,train_3487,,
3488,train_3488,,
3489,train_3489,,
3490,train_3490,,
3491,train_3491,,
3492,train_3492,,
3493,train_3493,,
3494,train_3494,,
3495,train_3495,,
3496,train_3496,,
3497,train_3497,,
3498,train_3498,,
3499,train_3499,,
3500,train_3500,,
3501,train_3501,,
3502,train_3502,,
3503,train_3503,,
3504,train_3504,,
3505,train_3505,,
3506,train_3506,,
3507,train_3507,,
3508,train_3508,,
3509,train_3509,,
3510,train_3510,,
3511,train_3511,,
3512,train_3512,,
3513,train_3513,,
3514,train_3514,,
3515,train_3515,,
3516,train_3516,,
3517,train_3517,,
3518,train_3518,,
3519,train_3519,,
3520,train_3520,,
3521,train_3521,,
3522,train_3522,,
3523,train_3523,,
3524,train_3524,,
3525,train_3525,,
3526,train_3526,,
3527,train_3527,,
3528,train_3528,,
3529,train_3529,,
3530,train_3530,,
3531,train_3531,,
3532,train_3532,,
3533,train_3533,,
3534,train_3534,,
3535,train_3535,,
3536,train_3536,,
3537,train_3537,,
3538,train_3538,,
3539,train_3539,,
3540,train_3540,,
3541,train_3541,,
3542,train_3542,,
3543,train_3543,,
3544,train_3544,,
3545,train_3545,,
3546,train_3546,,
3547,train_3547,,
3548,train_3548,,
3549,train_3549,,
3550,train_3550,,
3551,train_3551,,
3552,train_3552,,
3553,train_3553,,
3554,train_3554,,
3555,train_3555,,
3556,train_3556,,
3557,train_3557,,
3558,train_3558,,
3559,train_3559,,
3560,train_3560,,
3561,train_3561,,
3562,train_3562,,
3563,train_3563,,
3564,train_3564,,
3565,train_3565,,
3566,train_3566,,
3567,train_3567,,
3568,train_3568,,
3569,train_3569,,
3570,train_3570,,
3571,train_3571,,
3572,train_3572,,
3573,train_3573,,
3574,train_3574,,
3575,train_3575,,
3576,train_3576,,
3577,train_3577,,
3578,train_3578,,
3579,train_3579,,
3580,train_3580,,
3581,train_3581,,
3582,train_3582,,
3583,train_3583,,
3584,train_3584,,
3585,train_3585,,
3586,train_3586,,
3587,train_3587,,
3588,train_3588,,
3589,train_3589,,
3590,train_3590,,
3591,train_3591,,
3592,train_3592,,
3593,train_3593,,
3594,train_3594,,
3595,train_3595,,
3596,train_3596,,
3597,train_3597,,
3598,train_3598,,
3599,train_3599,,
3600,train_3600,,
3601,train_3601,,
3602,train_3602,,
3603,train_3603,,
3604,train_3604,,
3605,train_3605,,
3606,train_3606,,
3607,train_3607,,
3608,train_3608,,
3609,train_3609,,
3610,train_3610,,
3611,train_3611,,
3612,train_3612,,
3613,train_3613,,
3614,train_3614,,
3615,train_3615,,
3616,train_3616,,
3617,train_3617,,
3618,train_3618,,
3619,train_3619,,
3620,train_3620,,
3621,train_3621,,
3622,train_3622,,
3623,train_3623,,
3624,train_3624,,
3625,train_3625,,
3626,train_3626,,
3627,train_3627,,
3628,train_3628,,
3629,train_3629,,
3630,train_3630,,
3631,train_3631,,
3632,train_3632,,
3633,train_3633,,
3634,train_3634,,
3635,train_3635,,
3636,train_3636,,
3637,train_3637,,
3638,train_3638,,
3639,train_3639,,
3640,train_3640,,
3641,train_3641,,
3642,train_3642,,
3643,train_3643,,
3644,train_3644,,
3645,train_3645,,
3646,train_3646,,
3647,train_3647,,
3648,train_3648,,
3649,train_3649,,
3650,train_3650,,
3651,train_3651,,
3652,train_3652,,
3653,train_3653,,
3654,train_3654,,
3655,train_3655,,
3656,train_3656,,
3657,train_3657,,
3658,train_3658,,
3659,train_3659,,
3660,train_3660,,
3661,train_3661,,
3662,train_3662,,
3663,train_3663,,
3664,train_3664,,
3665,train_3665,,
3666,train_3666,,
3667,train_3667,,
3668,train_3668,,
3669,train_3669,,
3670,train_3670,,
3671,train_3671,,
3672,train_3672,,
3673,train_3673,,
3674,train_3674,,
3675,train_3675,,
3676,train_3676,,
3677,train_3677,,
3678,train_3678,,
3679,train_3679,,
3680,train_3680,,
3681,train_3681,,
3682,train_3682,,
3683,train_3683,,
3684,train_3684,,
3685,train_3685,,
3686,train_3686,,
3687,train_3687,,
3688,train_3688,,
3689,train_3689,,
3690,train_3690,,
3691,train_3691,,
3692,train_3692,,
3693,train_3693,,
3694,train_3694,,
3695,train_3695,,
3696,train_3696,,
3697,train_3697,,
3698,train_3698,,
3699,train_3699,,
3700,train_3700,,
3701,train_3701,,
